https://mytapestore.com.au/wp-content/uploads/2022/01/HookandlooptapeMTS1.png	/img/products/60aad93454e7.png
https://mytapestore.com.au/wp-content/uploads/2022/01/Image-25.jpg	/img/products/7626e63d7b47.jpg
https://mytapestore.com.au/wp-content/uploads/2022/01/Image-26.jpg	/img/products/befc965bcb00.jpg
https://mytapestore.com.au/wp-content/uploads/2022/01/Image-27.jpg	/img/products/af2efa481465.jpg
https://mytapestore.com.au/wp-content/uploads/2025/08/1.png	/img/products/f96721a7e300.png
https://mytapestore.com.au/wp-content/uploads/2025/08/Image-12.jpg	/img/products/c6eef8152c4d.jpg
https://mytapestore.com.au/wp-content/uploads/2025/08/3.jpg	/img/products/987aa64d1374.jpg
https://mytapestore.com.au/wp-content/uploads/2022/01/Untitled-3.jpg	/img/products/fff68c543d07.jpg
https://mytapestore.com.au/wp-content/uploads/2022/01/Untitled-2.jpg	/img/products/01633d66d660.jpg
https://mytapestore.com.au/wp-content/uploads/2022/01/Untitled-1.jpg	/img/products/f39a99e9cb2f.jpg
https://mytapestore.com.au/wp-content/uploads/2025/08/undefined.jpg	/img/products/1590bece84bf.jpg
https://mytapestore.com.au/wp-content/uploads/2025/08/undefined-n.png	/img/products/1422552da5c6.png
https://mytapestore.com.au/wp-content/uploads/2023/08/508.jpg	/img/products/96c5ab8aaef5.jpg
https://mytapestore.com.au/wp-content/uploads/2025/06/White-Double-Sided-Foam-Tape-Applications-1.png	/img/products/3c65bcb02709.png
https://mytapestore.com.au/wp-content/uploads/2023/08/Ultra-High-Bond-Tape-Clear.jpg	/img/products/38feb50d75b1.jpg
https://mytapestore.com.au/wp-content/uploads/2023/09/783.jpg	/img/products/aa0c402e8c6e.jpg
https://mytapestore.com.au/wp-content/uploads/2023/09/790.jpg	/img/products/9b6719213b6d.jpg
https://mytapestore.com.au/wp-content/uploads/2023/09/789.jpg	/img/products/2ced60fd8401.jpg
https://mytapestore.com.au/wp-content/uploads/2023/09/787.jpg	/img/products/34cc8b7fc8b7.jpg
https://mytapestore.com.au/wp-content/uploads/2025/06/vhb-tape-applications.png	/img/products/0e3602494f17.png
https://mytapestore.com.au/wp-content/uploads/2023/08/double-sided-carpet-tape.webp	/img/products/bd1abb67eae8.webp
https://mytapestore.com.au/wp-content/uploads/2023/08/210.jpg	/img/products/d64d4c95e5f4.jpg
https://mytapestore.com.au/wp-content/uploads/2023/08/212.jpg	/img/products/bed04c7ffff4.jpg
https://mytapestore.com.au/wp-content/uploads/2023/08/214.jpg	/img/products/cd8757b87868.jpg
https://mytapestore.com.au/wp-content/uploads/2023/08/216-1.jpg	/img/products/31bf5f8672ea.jpg
https://mytapestore.com.au/wp-content/uploads/2023/08/218.jpg	/img/products/c8905a4ae4ec.jpg
https://mytapestore.com.au/wp-content/uploads/2023/08/220.jpg	/img/products/198f9f7237c3.jpg
https://mytapestore.com.au/wp-content/uploads/2023/08/221.jpg	/img/products/b5c1f2b15c2a.jpg
https://mytapestore.com.au/wp-content/uploads/2023/08/188.jpg	/img/products/60603cbfbdc2.jpg
https://mytapestore.com.au/wp-content/uploads/2025/06/Double-Sided-Cloth-Tape-Applications.png	/img/products/4020e32aca2f.png
https://mytapestore.com.au/wp-content/uploads/2023/08/general-purpose-adhesive-transfer-tape.webp	/img/products/4cd5dcd32929.webp
https://mytapestore.com.au/wp-content/uploads/2023/08/303-2.jpg	/img/products/05e01cf8bcf9.jpg
https://mytapestore.com.au/wp-content/uploads/2023/08/305.jpg	/img/products/c94308f4066a.jpg
https://mytapestore.com.au/wp-content/uploads/2023/08/304.jpg	/img/products/5f8b48cea43a.jpg
https://mytapestore.com.au/wp-content/uploads/2025/06/General-Purpose-Adhesive-Transfer-Tape-Applications-1.png	/img/products/b38990dd7786.png
https://mytapestore.com.au/wp-content/uploads/2023/08/white-double-sided-polyester-tape.webp	/img/products/5c4fe343540f.webp
https://mytapestore.com.au/wp-content/uploads/2023/08/234.jpg	/img/products/ba4818ed1e9f.jpg
https://mytapestore.com.au/wp-content/uploads/2023/08/235.jpg	/img/products/251a8b4c3bcd.jpg
https://mytapestore.com.au/wp-content/uploads/2023/08/236.jpg	/img/products/533368b7926d.jpg
https://mytapestore.com.au/wp-content/uploads/2023/08/237.jpg	/img/products/839f2bca2729.jpg
https://mytapestore.com.au/wp-content/uploads/2023/08/238.jpg	/img/products/030ea0c0c721.jpg
https://mytapestore.com.au/wp-content/uploads/2025/06/Double-Sided-PET-Tape-Applications.png	/img/products/49a6bea28f61.png
https://mytapestore.com.au/wp-content/uploads/2023/08/image-7.jpg	/img/products/234e0ae9ce0b.jpg
https://mytapestore.com.au/wp-content/uploads/2023/08/261-1.jpg	/img/products/fd5861791805.jpg
https://mytapestore.com.au/wp-content/uploads/2023/08/262.jpg	/img/products/3b80aa04f663.jpg
https://mytapestore.com.au/wp-content/uploads/2023/08/264.jpg	/img/products/65999df152d5.jpg
https://mytapestore.com.au/wp-content/uploads/2023/08/265.jpg	/img/products/0881d83e866d.jpg
https://mytapestore.com.au/wp-content/uploads/2026/02/double-sided-butyl-tape-application.png	/img/products/a6087e9501be.png
https://mytapestore.com.au/wp-content/uploads/2023/08/Generated-image-1.jpg	/img/products/e736b3295c38.jpg
https://mytapestore.com.au/wp-content/uploads/2023/08/646.jpg	/img/products/4fbdb86a3772.jpg
https://mytapestore.com.au/wp-content/uploads/2023/08/643.jpg	/img/products/6d2a1078a128.jpg
https://mytapestore.com.au/wp-content/uploads/2023/08/644.jpg	/img/products/82c3605f7eb4.jpg
https://mytapestore.com.au/wp-content/uploads/2023/08/645.jpg	/img/products/a9c03247215f.jpg
https://mytapestore.com.au/wp-content/uploads/2025/06/Glazing-Tapes-Applications.png	/img/products/8c2ccb983c19.png
https://mytapestore.com.au/wp-content/uploads/2023/08/10.jpg	/img/products/e3b4fcaf76d0.jpg
https://mytapestore.com.au/wp-content/uploads/2023/08/6.jpg	/img/products/f8846fa0cb19.jpg
https://mytapestore.com.au/wp-content/uploads/2023/08/8.jpg	/img/products/7803ff9b8c72.jpg
https://mytapestore.com.au/wp-content/uploads/2023/08/4.jpg	/img/products/d1baacfd65ab.jpg
https://mytapestore.com.au/wp-content/uploads/2023/08/PVC-Nitrile-Foam-Tape-min.png	/img/products/3ffbb8e950fa.png
https://mytapestore.com.au/wp-content/uploads/2023/08/17-2.jpg	/img/products/5cfd3339013e.jpg
https://mytapestore.com.au/wp-content/uploads/2023/08/117-1.jpg	/img/products/94799bdf2375.jpg
https://mytapestore.com.au/wp-content/uploads/2025/06/Silicone-Kraft-Paper-Tape-Applications.png	/img/products/1b7b18ae88d0.png
https://mytapestore.com.au/wp-content/uploads/2023/08/103.jpg	/img/products/c1a92867a311.jpg
https://mytapestore.com.au/wp-content/uploads/2023/08/109.jpg	/img/products/e5da9431273c.jpg
https://mytapestore.com.au/wp-content/uploads/2025/06/renderers-cloth-masking-tape-applications.png	/img/products/6fc257a7774b.png
https://mytapestore.com.au/wp-content/uploads/2023/08/115.jpg	/img/products/0d6cff732a97.jpg
https://mytapestore.com.au/wp-content/uploads/2023/08/116.jpg	/img/products/6948275e5da8.jpg
https://mytapestore.com.au/wp-content/uploads/2023/08/117-2.jpg	/img/products/624b2c36c2f3.jpg
https://mytapestore.com.au/wp-content/uploads/2023/08/118.jpg	/img/products/5ce69ca3f7c8.jpg
https://mytapestore.com.au/wp-content/uploads/2023/08/119-1.jpg	/img/products/347771fe6c89.jpg
https://mytapestore.com.au/wp-content/uploads/2023/08/220-1.jpg	/img/products/2bcea2d8e9e6.jpg
https://mytapestore.com.au/wp-content/uploads/2023/08/221-1.jpg	/img/products/76cb11fbd780.jpg
https://mytapestore.com.au/wp-content/uploads/2025/06/Flatback-Kraft-Paper-Tape-Application.png	/img/products/591b8af61f85.png
https://mytapestore.com.au/wp-content/uploads/2023/08/117.jpg	/img/products/b523b868edb2.jpg
https://mytapestore.com.au/wp-content/uploads/2025/05/Eco-Friendly-Kraft-Paper-Tape-Applications.png	/img/products/2d266bfcd316.png
https://mytapestore.com.au/wp-content/uploads/2023/08/119.jpg	/img/products/d9e1e12e3070.jpg
https://mytapestore.com.au/wp-content/uploads/2025/05/Kraft-Paper-Tape-Applications.png	/img/products/455a37ac6514.png
https://mytapestore.com.au/wp-content/uploads/2023/08/128.jpg	/img/products/a788787b865e.jpg
https://mytapestore.com.au/wp-content/uploads/2023/08/129.jpg	/img/products/adabe150d196.jpg
https://mytapestore.com.au/wp-content/uploads/2023/08/136.jpg	/img/products/7a62875e007d.jpg
https://mytapestore.com.au/wp-content/uploads/2023/08/130.jpg	/img/products/a9bf6684dae2.jpg
https://mytapestore.com.au/wp-content/uploads/2023/08/131.jpg	/img/products/b5653db4675b.jpg
https://mytapestore.com.au/wp-content/uploads/2025/06/utility-grade-masking-tape-uses.png	/img/products/1aaaf4087738.png
https://mytapestore.com.au/wp-content/uploads/2023/08/120.jpg	/img/products/6035e173ed76.jpg
https://mytapestore.com.au/wp-content/uploads/2023/08/145.jpg	/img/products/5b2d6f524bb0.jpg
https://mytapestore.com.au/wp-content/uploads/2023/08/146.jpg	/img/products/6692a5b7b221.jpg
https://mytapestore.com.au/wp-content/uploads/2025/06/General-Purpose-Masking-Tape-Application.png	/img/products/057b7444cee9.png
https://mytapestore.com.au/wp-content/uploads/2023/08/134.jpg	/img/products/ce00cedd8ff0.jpg
https://mytapestore.com.au/wp-content/uploads/2023/08/145-1.jpg	/img/products/6c1cecea2124.jpg
https://mytapestore.com.au/wp-content/uploads/2025/05/Automotive-masking-tape-Applications.png	/img/products/a3ac0833e330.png
https://mytapestore.com.au/wp-content/uploads/2023/08/154.jpg	/img/products/f18d72271fff.jpg
https://mytapestore.com.au/wp-content/uploads/2023/08/155.jpg	/img/products/5b07a8770bdf.jpg
https://mytapestore.com.au/wp-content/uploads/2023/08/156.jpg	/img/products/bbea2e8e4b75.jpg
https://mytapestore.com.au/wp-content/uploads/2025/05/High-Performance-Masking-Tape-Applications.png	/img/products/c1e50d9eef9f.png
https://mytapestore.com.au/wp-content/uploads/2023/08/157.jpg	/img/products/c87d78a5bbd8.jpg
https://mytapestore.com.au/wp-content/uploads/2023/08/173.jpg	/img/products/407a0b3a0aa9.jpg
https://mytapestore.com.au/wp-content/uploads/2025/06/Coloured-Painters-Masking-Tape-Applications.png	/img/products/e922adb868c5.png
https://mytapestore.com.au/wp-content/uploads/2023/08/151.jpg	/img/products/db05f2d938f8.jpg
https://mytapestore.com.au/wp-content/uploads/2023/08/530.jpg	/img/products/ea93d0e91a4c.jpg
https://mytapestore.com.au/wp-content/uploads/2023/08/97.jpg	/img/products/936915b56720.jpg
https://mytapestore.com.au/wp-content/uploads/2023/08/163.jpg	/img/products/cd22b2ecffa6.jpg
https://mytapestore.com.au/wp-content/uploads/2023/08/180.jpg	/img/products/bbefe4fa63b1.jpg
https://mytapestore.com.au/wp-content/uploads/2023/08/181.jpg	/img/products/764cc6d32871.jpg
https://mytapestore.com.au/wp-content/uploads/2023/08/171.jpg	/img/products/3162af63df7d.jpg
https://mytapestore.com.au/wp-content/uploads/2023/08/189.jpg	/img/products/c883dad5f08a.jpg
https://mytapestore.com.au/wp-content/uploads/2025/06/All-Weather-Repair-Tape-Applications.png	/img/products/7b1d70067336.png
https://mytapestore.com.au/wp-content/uploads/2023/08/177.jpg	/img/products/2711eff6b328.jpg
https://mytapestore.com.au/wp-content/uploads/2025/06/Protection-Tape-Applications.png	/img/products/7c613fc4dc05.png
https://mytapestore.com.au/wp-content/uploads/2023/08/182.jpg	/img/products/c26d40e21950.jpg
https://mytapestore.com.au/wp-content/uploads/2023/08/185.jpg	/img/products/8f57b8ea33b9.jpg
https://mytapestore.com.au/wp-content/uploads/2025/06/Water-Proof-Flashing-Tape-Applications.png	/img/products/172c19587d51.png
https://mytapestore.com.au/wp-content/uploads/2023/08/Gaffer-Tape.jpg	/img/products/4699588ec051.jpg
https://mytapestore.com.au/wp-content/uploads/2023/08/29.jpg	/img/products/9573209e3f62.jpg
https://mytapestore.com.au/wp-content/uploads/2023/08/27.jpg	/img/products/fa106354f0c2.jpg
https://mytapestore.com.au/wp-content/uploads/2023/08/31.jpg	/img/products/b420379db745.jpg
https://mytapestore.com.au/wp-content/uploads/2023/08/33.jpg	/img/products/5fffbaff7afb.jpg
https://mytapestore.com.au/wp-content/uploads/2023/08/37.jpg	/img/products/991f8ee13bd1.jpg
https://mytapestore.com.au/wp-content/uploads/2023/08/35.jpg	/img/products/b75dac3f9112.jpg
https://mytapestore.com.au/wp-content/uploads/2025/05/Fabric-Tape-appliations1.png	/img/products/12ff8076f0c7.png
https://mytapestore.com.au/wp-content/uploads/2023/08/200.jpg	/img/products/3b46123619c1.jpg
https://mytapestore.com.au/wp-content/uploads/2023/08/224.jpg	/img/products/5080b3d3e6da.jpg
https://mytapestore.com.au/wp-content/uploads/2023/08/225-1.jpg	/img/products/a2ff23094e2c.jpg
https://mytapestore.com.au/wp-content/uploads/2025/05/uses-of-Clear-Stationery-Tape.png	/img/products/8067c1f50806.png
https://mytapestore.com.au/wp-content/uploads/2023/08/227.jpg	/img/products/0b76253c70b8.jpg
https://mytapestore.com.au/wp-content/uploads/2025/05/Mylar-Tape-Applications.png	/img/products/faddb0804184.png
https://mytapestore.com.au/wp-content/uploads/2023/08/523.jpg	/img/products/d0a6ae26d1a9.jpg
https://mytapestore.com.au/wp-content/uploads/2023/08/248.jpg	/img/products/3341532d3f73.jpg
https://mytapestore.com.au/wp-content/uploads/2023/08/795.jpg	/img/products/ef8e02dbd4ab.jpg
https://mytapestore.com.au/wp-content/uploads/2025/06/Fine-Line-Painters-Masking-Tape-Applications.png	/img/products/22676b542d80.png
https://mytapestore.com.au/wp-content/uploads/2023/08/double-sided-polypropylene-tape.webp	/img/products/a65f14514cda.webp
https://mytapestore.com.au/wp-content/uploads/2023/08/252.jpg	/img/products/1979fc07f3ee.jpg
https://mytapestore.com.au/wp-content/uploads/2023/08/254.jpg	/img/products/e2361bcb3cb2.jpg
https://mytapestore.com.au/wp-content/uploads/2023/08/256.jpg	/img/products/b65b4ef08086.jpg
https://mytapestore.com.au/wp-content/uploads/2023/08/258.jpg	/img/products/6e5d363b318f.jpg
https://mytapestore.com.au/wp-content/uploads/2023/08/19018-600x600.png.webp	/img/products/1f5f8833715b.webp
https://mytapestore.com.au/wp-content/uploads/2025/06/Tissue-Tape-Applications.png	/img/products/8bc89faf8833.png
https://mytapestore.com.au/wp-content/uploads/2023/08/double-sided-acid-free-tissue-tape.webp	/img/products/0a0a3269eaf9.webp
https://mytapestore.com.au/wp-content/uploads/2023/08/292.jpg	/img/products/8230b2f3b620.jpg
https://mytapestore.com.au/wp-content/uploads/2023/08/293-2.jpg	/img/products/5ed343c8f65f.jpg
https://mytapestore.com.au/wp-content/uploads/2023/08/294.jpg	/img/products/a8f6384bbca2.jpg
https://mytapestore.com.au/wp-content/uploads/2025/06/Acid-Free-Tissue-Tapes-Applications.png	/img/products/0142c61f9c4c.png
https://mytapestore.com.au/wp-content/uploads/2023/08/double-sided-differential-adhesive-tape.webp	/img/products/58ec3d3c3bdf.webp
https://mytapestore.com.au/wp-content/uploads/2023/08/296.jpg	/img/products/0cb2ede513b1.jpg
https://mytapestore.com.au/wp-content/uploads/2023/08/298.jpg	/img/products/5f256f6b4bdf.jpg
https://mytapestore.com.au/wp-content/uploads/2023/08/301.jpg	/img/products/bee7453c8b15.jpg
https://mytapestore.com.au/wp-content/uploads/2023/08/adhesive-transfer-tape.webp	/img/products/bb6ec152e422.webp
https://mytapestore.com.au/wp-content/uploads/2023/08/310.jpg	/img/products/535b25e05ae2.jpg
https://mytapestore.com.au/wp-content/uploads/2025/05/Polyimide-film-tape-applications.png	/img/products/d68519ad8f17.png
https://mytapestore.com.au/wp-content/uploads/2023/08/509.jpg	/img/products/c5906c0ef8a2.jpg
https://mytapestore.com.au/wp-content/uploads/2023/08/481.jpg	/img/products/97ef5bac74bd.jpg
https://mytapestore.com.au/wp-content/uploads/2023/08/315.jpg	/img/products/03286433a466.jpg
https://mytapestore.com.au/wp-content/uploads/2025/06/Silicone-Splicing-Adhesive-Tape-APplications.png	/img/products/7bd0e5af0f61.png
https://mytapestore.com.au/wp-content/uploads/2023/08/323.jpg	/img/products/b66eda20e041.jpg
https://mytapestore.com.au/wp-content/uploads/2023/08/329.jpg	/img/products/1e1f7d2c2cc5.jpg
https://mytapestore.com.au/wp-content/uploads/2023/08/PE-Foam-Tape-min.png	/img/products/88b5e7633cd0.png
https://mytapestore.com.au/wp-content/uploads/2023/08/19.jpg	/img/products/71890056b8a3.jpg
https://mytapestore.com.au/wp-content/uploads/2023/08/342.jpg	/img/products/da90e12bee69.jpg
https://mytapestore.com.au/wp-content/uploads/2025/06/Economy-Packaging-Tape-Applications.png	/img/products/6184114d7c0e.png
https://mytapestore.com.au/wp-content/uploads/2023/08/303-1.jpg	/img/products/7d667e8c0053.jpg
https://mytapestore.com.au/wp-content/uploads/2023/08/344.jpg	/img/products/728ae097d755.jpg
https://mytapestore.com.au/wp-content/uploads/2023/08/355-1-e1717442856231.jpg	/img/products/e357ac1e4c5f.jpg
https://mytapestore.com.au/wp-content/uploads/2023/08/347.jpg	/img/products/1c10eb05f79d.jpg
https://mytapestore.com.au/wp-content/uploads/2023/08/348.jpg	/img/products/ca4f4be393e9.jpg
https://mytapestore.com.au/wp-content/uploads/2023/08/350.jpg	/img/products/4ac2feb4121e.jpg
https://mytapestore.com.au/wp-content/uploads/2023/08/354-1.jpg	/img/products/e46853522939.jpg
https://mytapestore.com.au/wp-content/uploads/2023/08/345.jpg	/img/products/d19d6e9df6e3.jpg
https://mytapestore.com.au/wp-content/uploads/2025/05/Gaffer-Tapes-Applications.png	/img/products/85c25b4b63f8.png
https://mytapestore.com.au/wp-content/uploads/2023/08/312.jpg	/img/products/9eddc6f9658d.jpg
https://mytapestore.com.au/wp-content/uploads/2025/05/PolyurethanePU-Foam-Tape-Applications.png	/img/products/9064d19fef7c.png
https://mytapestore.com.au/wp-content/uploads/2023/08/316.jpg	/img/products/70367486c438.jpg
https://mytapestore.com.au/wp-content/uploads/2025/06/Clear-Packaging-Tape-Applications.png	/img/products/851b1b37fd6d.png
https://mytapestore.com.au/wp-content/uploads/2023/08/7-1.jpg	/img/products/3bd794e9893f.jpg
https://mytapestore.com.au/wp-content/uploads/2025/05/Electrical-insulation-tape-applications.png	/img/products/2ead74f96dda.png
https://mytapestore.com.au/wp-content/uploads/2023/08/385.jpg	/img/products/ef22fb03186c.jpg
https://mytapestore.com.au/wp-content/uploads/2023/08/386.jpg	/img/products/00ebf87d7872.jpg
https://mytapestore.com.au/wp-content/uploads/2023/08/382.jpg	/img/products/dbab1f874468.jpg
https://mytapestore.com.au/wp-content/uploads/2023/08/383.jpg	/img/products/0fc6833fcee4.jpg
https://mytapestore.com.au/wp-content/uploads/2023/08/384.jpg	/img/products/048437b5b9f0.jpg
https://mytapestore.com.au/wp-content/uploads/2023/08/390.jpg	/img/products/17cf69999700.jpg
https://mytapestore.com.au/wp-content/uploads/2023/08/391.jpg	/img/products/a47831b59620.jpg
https://mytapestore.com.au/wp-content/uploads/2023/08/411.jpg	/img/products/ab4653305837.jpg
https://mytapestore.com.au/wp-content/uploads/2023/08/388.jpg	/img/products/9924f1695c69.jpg
https://mytapestore.com.au/wp-content/uploads/2023/08/395.jpg	/img/products/891354b5bde9.jpg
https://mytapestore.com.au/wp-content/uploads/2023/08/396-1-e1717528341980.jpg	/img/products/d4414ccf6a1c.jpg
https://mytapestore.com.au/wp-content/uploads/2023/08/397.jpg	/img/products/8ef8ef62b6b3.jpg
https://mytapestore.com.au/wp-content/uploads/2023/08/393.jpg	/img/products/f0866ee6794a.jpg
https://mytapestore.com.au/wp-content/uploads/2023/08/394-e1717442108125.jpg	/img/products/d229ba1a5b5d.jpg
https://mytapestore.com.au/wp-content/uploads/2023/08/398.jpg	/img/products/56f0b2668cf4.jpg
https://mytapestore.com.au/wp-content/uploads/2025/06/Anti-Slip-Tape-Applications.png	/img/products/b21ba7f5b903.png
https://mytapestore.com.au/wp-content/uploads/2023/08/reverse-wound-acid-free-tissue-tape.webp	/img/products/f8a04dc18119.webp
https://mytapestore.com.au/wp-content/uploads/2025/06/Reverse-Wound-Tissue-Tape-Applications.png	/img/products/035d5b5e1573.png
https://mytapestore.com.au/wp-content/uploads/2023/08/reverse-wound-tissue-tape.webp	/img/products/269f0519add8.webp
https://mytapestore.com.au/wp-content/uploads/2023/08/360.jpg	/img/products/c5cd5555a88e.jpg
https://mytapestore.com.au/wp-content/uploads/2023/08/366-1.jpg	/img/products/1aee3d7ed2e2.jpg
https://mytapestore.com.au/wp-content/uploads/2023/08/530-1.jpg	/img/products/b620e61510d5.jpg
https://mytapestore.com.au/wp-content/uploads/2023/08/531.jpg	/img/products/ce9a4da9ba64.jpg
https://mytapestore.com.au/wp-content/uploads/2025/05/Polyester-Insulation-Tape-Applications.png	/img/products/1419e2ea2e13.png
https://mytapestore.com.au/wp-content/uploads/2023/08/371.jpg	/img/products/55879bd86506.jpg
https://mytapestore.com.au/wp-content/uploads/2023/08/Untitled-2.jpg	/img/products/914e2b61397c.jpg
https://mytapestore.com.au/wp-content/uploads/2023/08/Untitled-3-e1717619399723.jpg	/img/products/430e2b675297.jpg
https://mytapestore.com.au/wp-content/uploads/2023/08/452.jpg	/img/products/7b0f88ae7fd0.jpg
https://mytapestore.com.au/wp-content/uploads/2023/08/446.jpg	/img/products/4b66dee60301.jpg
https://mytapestore.com.au/wp-content/uploads/2023/08/Untitled-1.jpg	/img/products/272e33b8b3ba.jpg
https://mytapestore.com.au/wp-content/uploads/2023/08/460.jpg	/img/products/f226bac9a9f2.jpg
https://mytapestore.com.au/wp-content/uploads/2023/08/442-1.jpg	/img/products/08afd732a9f4.jpg
https://mytapestore.com.au/wp-content/uploads/2023/08/457.jpg	/img/products/c754d11e5c05.jpg
https://mytapestore.com.au/wp-content/uploads/2025/06/Class-2-reflective-tape-applications.png	/img/products/4f9c8f57826f.png
https://mytapestore.com.au/wp-content/uploads/2023/08/Image-3.jpg	/img/products/80458d75ce86.jpg
https://mytapestore.com.au/wp-content/uploads/2023/08/465.jpg	/img/products/3ca9ff4e6a8a.jpg
https://mytapestore.com.au/wp-content/uploads/2023/08/469.jpg	/img/products/a0541d264342.jpg
https://mytapestore.com.au/wp-content/uploads/2023/08/471.jpg	/img/products/99f56c95f800.jpg
https://mytapestore.com.au/wp-content/uploads/2023/08/475.jpg	/img/products/100b095aa141.jpg
https://mytapestore.com.au/wp-content/uploads/2023/08/399.jpg	/img/products/cfb5dda7edca.jpg
https://mytapestore.com.au/wp-content/uploads/2023/08/473.jpg	/img/products/a087729019f4.jpg
https://mytapestore.com.au/wp-content/uploads/2025/06/reflective-tape-class-1-applications.png	/img/products/370fe7151135.png
https://mytapestore.com.au/wp-content/uploads/2023/08/490.jpg	/img/products/37d73fa9997e.jpg
https://mytapestore.com.au/wp-content/uploads/2023/08/482.jpg	/img/products/2db532cec59f.jpg
https://mytapestore.com.au/wp-content/uploads/2023/08/486.jpg	/img/products/0b1d7da69332.jpg
https://mytapestore.com.au/wp-content/uploads/2025/06/Prismatic-Grade-Reflective-Tape-safety-tape-Applications.png	/img/products/55c5cca4097f.png
https://mytapestore.com.au/wp-content/uploads/2023/08/408.jpg	/img/products/0e26bbe849da.jpg
https://mytapestore.com.au/wp-content/uploads/2025/05/Fibreglass-Cloth-Insulation-Tape-applications.png	/img/products/9e31e0f3e94d.png
https://mytapestore.com.au/wp-content/uploads/2023/08/429.jpg	/img/products/8d1348b1eab1.jpg
https://mytapestore.com.au/wp-content/uploads/2023/08/516-1.jpg	/img/products/864fc5dde40d.jpg
https://mytapestore.com.au/wp-content/uploads/2023/08/517.jpg	/img/products/a01b1fba39bf.jpg
https://mytapestore.com.au/wp-content/uploads/2023/08/518-1.jpg	/img/products/e9d1f430fcaa.jpg
https://mytapestore.com.au/wp-content/uploads/2023/08/520-1.jpg	/img/products/1fe1d32a5b87.jpg
https://mytapestore.com.au/wp-content/uploads/2023/08/521.jpg	/img/products/9035e7a155f0.jpg
https://mytapestore.com.au/wp-content/uploads/2023/08/523-3.jpg	/img/products/426c56658da8.jpg
https://mytapestore.com.au/wp-content/uploads/2023/08/525-3.jpg	/img/products/5c954c3be248.jpg
https://mytapestore.com.au/wp-content/uploads/2023/08/526.jpg	/img/products/94de6167a5c0.jpg
https://mytapestore.com.au/wp-content/uploads/2023/08/528-1.jpg	/img/products/6d0759ac2aaa.jpg
https://mytapestore.com.au/wp-content/uploads/2023/08/530-2.jpg	/img/products/83a7becb0d91.jpg
https://mytapestore.com.au/wp-content/uploads/2023/08/531-1.jpg	/img/products/526fc9727eba.jpg
https://mytapestore.com.au/wp-content/uploads/2025/05/PVC-Film-Tape-Applications.png	/img/products/777860ff7ddf.png
https://mytapestore.com.au/wp-content/uploads/2023/08/442.jpg	/img/products/6ce8a62cc2a4.jpg
https://mytapestore.com.au/wp-content/uploads/2025/05/Fragile-Packing-Tape-Uses.png	/img/products/cafa16b9b7fb.png
https://mytapestore.com.au/wp-content/uploads/2023/08/464.jpg	/img/products/c81ed3aa72f5.jpg
https://mytapestore.com.au/wp-content/uploads/2023/08/537.jpg	/img/products/963c80b83a5f.jpg
https://mytapestore.com.au/wp-content/uploads/2023/08/543.jpg	/img/products/d7f45c7cbff2.jpg
https://mytapestore.com.au/wp-content/uploads/2023/08/554.jpg	/img/products/16a5c6ca9c74.jpg
https://mytapestore.com.au/wp-content/uploads/2023/08/558-1.jpg	/img/products/4b4fad26b216.jpg
https://mytapestore.com.au/wp-content/uploads/2023/09/692.jpg	/img/products/a104b284e83c.jpg
https://mytapestore.com.au/wp-content/uploads/2023/08/548.jpg	/img/products/9d0b8e8cd91f.jpg
https://mytapestore.com.au/wp-content/uploads/2023/08/539.jpg	/img/products/93589ce352aa.jpg
https://mytapestore.com.au/wp-content/uploads/2023/08/543-1.jpg	/img/products/38a78149e6d7.jpg
https://mytapestore.com.au/wp-content/uploads/2023/08/544.jpg	/img/products/3ba1fd82665d.jpg
https://mytapestore.com.au/wp-content/uploads/2023/08/548-1.jpg	/img/products/f8b0aae120e7.jpg
https://mytapestore.com.au/wp-content/uploads/2023/08/549-3.jpg	/img/products/33ddb2e390b2.jpg
https://mytapestore.com.au/wp-content/uploads/2025/06/Floor-Line-Marking-Tape-Applications.png	/img/products/4431968ff376.png
https://mytapestore.com.au/wp-content/uploads/2023/08/496.jpg	/img/products/1f67b32b16f8.jpg
https://mytapestore.com.au/wp-content/uploads/2023/08/611.jpg	/img/products/e92af65964a6.jpg
https://mytapestore.com.au/wp-content/uploads/2023/08/612.jpg	/img/products/0217d68c845c.jpg
https://mytapestore.com.au/wp-content/uploads/2023/08/603.jpg	/img/products/7506d1dbf9a5.jpg
https://mytapestore.com.au/wp-content/uploads/2023/08/609.jpg	/img/products/94b4bda892f6.jpg
https://mytapestore.com.au/wp-content/uploads/2023/08/610.jpg	/img/products/874785d1d75a.jpg
https://mytapestore.com.au/wp-content/uploads/2023/08/613.jpg	/img/products/84f4731431ad.jpg
https://mytapestore.com.au/wp-content/uploads/2025/06/Aluminium-Foil-Tape-Applications.png	/img/products/cc313bfa0e8f.png
https://mytapestore.com.au/wp-content/uploads/2023/09/705.jpg	/img/products/a92acdc7d738.jpg
https://mytapestore.com.au/wp-content/uploads/2023/08/706.jpg	/img/products/1dda2a2c2731.jpg
https://mytapestore.com.au/wp-content/uploads/2025/06/Acribond-Adesive-Remover-Cleaner-Applications.png	/img/products/ba6120ffdde3.png
https://mytapestore.com.au/wp-content/uploads/2023/08/707.jpg	/img/products/af4ef3175281.jpg
https://mytapestore.com.au/wp-content/uploads/2023/08/708.jpg	/img/products/a0bc02929a30.jpg
https://mytapestore.com.au/wp-content/uploads/2025/06/Desk-Tapes-Dispenser-Applications.png	/img/products/026afb308f0a.png
https://mytapestore.com.au/wp-content/uploads/2023/08/709.jpg	/img/products/ed7762c0f34e.jpg
https://mytapestore.com.au/wp-content/uploads/2025/06/Clamp-On-Bench-Dispenser-Applications.png	/img/products/0ce3859aaf9a.png
https://mytapestore.com.au/wp-content/uploads/2023/08/712.jpg	/img/products/22e009c53f1b.jpg
https://mytapestore.com.au/wp-content/uploads/2025/06/Tear-Drop-Dispenser-Metal-Applications.png	/img/products/5fa9170004c7.png
https://mytapestore.com.au/wp-content/uploads/2023/08/714.jpg	/img/products/b48ce5846d54.jpg
https://mytapestore.com.au/wp-content/uploads/2025/06/Desk-Tapes-Dispenser-Applications1.png	/img/products/d26f685fde55.png
https://mytapestore.com.au/wp-content/uploads/2023/08/715.jpg	/img/products/1601f387413c.jpg
https://mytapestore.com.au/wp-content/uploads/2025/06/Metal-Bag-Sealer-with-Cutter-Applications.png	/img/products/bdac311c7b52.png
https://mytapestore.com.au/wp-content/uploads/2023/08/722.jpg	/img/products/16356e1d3969.jpg
https://mytapestore.com.au/wp-content/uploads/2025/06/Glue-Dots-Applications.png	/img/products/8aa1863dbdc5.png
https://mytapestore.com.au/wp-content/uploads/2024/02/03.png	/img/products/27f30f1a8c51.png
https://mytapestore.com.au/wp-content/uploads/2025/06/H11CP-Pistol-Grip-Dispenser-Applications.png	/img/products/694ef126d8e6.png
https://mytapestore.com.au/wp-content/uploads/2023/08/Strong-double-sided-tape-dark-grey-1.jpg	/img/products/98b702584f4f.jpg
https://mytapestore.com.au/wp-content/uploads/2023/09/819.jpg	/img/products/0f1e5d767625.jpg
https://mytapestore.com.au/wp-content/uploads/2023/09/813-1.jpg	/img/products/5c7ca3a481b9.jpg
https://mytapestore.com.au/wp-content/uploads/2023/09/821.jpg	/img/products/e77d4022907e.jpg
https://mytapestore.com.au/wp-content/uploads/2023/09/815.jpg	/img/products/f99e2d78aed8.jpg
https://mytapestore.com.au/wp-content/uploads/2023/09/823.jpg	/img/products/45e3cecb58d8.jpg
https://mytapestore.com.au/wp-content/uploads/2023/09/817-1.jpg	/img/products/79c1211c6876.jpg
https://mytapestore.com.au/wp-content/uploads/2025/06/Dark-Grey-VHB-Tape-Applications.png	/img/products/160832c20ac7.png
https://mytapestore.com.au/wp-content/uploads/2023/08/3-1.jpg	/img/products/e2c91d07ffb4.jpg
https://mytapestore.com.au/wp-content/uploads/2025/06/White-VHB-Tape-Applications.png	/img/products/9d380cddf1f0.png
https://mytapestore.com.au/wp-content/uploads/2023/08/Heavy-duty-double-sided-tape-grey.jpg	/img/products/9e2c0c22024d.jpg
https://mytapestore.com.au/wp-content/uploads/2025/06/Grey-Heavy-Duty-Double-Sided-Tape-Applications.png	/img/products/b6a167bfb9f7.png
https://mytapestore.com.au/wp-content/uploads/2023/08/566.jpg	/img/products/ab3391bd907f.jpg
https://mytapestore.com.au/wp-content/uploads/2023/08/549-2.jpg	/img/products/434cc553e967.jpg
https://mytapestore.com.au/wp-content/uploads/2023/08/563.jpg	/img/products/88cc3b58041b.jpg
https://mytapestore.com.au/wp-content/uploads/2025/06/Barrier-Warning-Tape-Applications.png	/img/products/8e282c8f779f.png
https://mytapestore.com.au/wp-content/uploads/2023/08/590.jpg	/img/products/e44c1fc1ea1b.jpg
https://mytapestore.com.au/wp-content/uploads/2023/08/591.jpg	/img/products/a701751173f4.jpg
https://mytapestore.com.au/wp-content/uploads/2023/08/592.jpg	/img/products/aeee44136644.jpg
https://mytapestore.com.au/wp-content/uploads/2025/06/Plain-Aluminium-Foil-Tape-Applications.png	/img/products/bdc9e5402686.png
https://mytapestore.com.au/wp-content/uploads/2023/08/617.jpg	/img/products/0ae34ea3955f.jpg
https://mytapestore.com.au/wp-content/uploads/2023/08/618.jpg	/img/products/971e8465ceca.jpg
https://mytapestore.com.au/wp-content/uploads/2023/08/620.jpg	/img/products/1bda7f5ebc7a.jpg
https://mytapestore.com.au/wp-content/uploads/2023/08/621.jpg	/img/products/3940decf71f0.jpg
https://mytapestore.com.au/wp-content/uploads/2023/08/622.jpg	/img/products/603f30aec697.jpg
https://mytapestore.com.au/wp-content/uploads/2023/08/623.jpg	/img/products/5fa484bd25ac.jpg
https://mytapestore.com.au/wp-content/uploads/2023/08/624.jpg	/img/products/782cd82ea224.jpg
https://mytapestore.com.au/wp-content/uploads/2025/05/Premium-Polypropylene-Tapes-Applicatios.png	/img/products/5a7dce79e3ed.png
https://mytapestore.com.au/wp-content/uploads/2023/08/516.jpg	/img/products/eaa7841ec7d9.jpg
https://mytapestore.com.au/wp-content/uploads/2023/08/628.jpg	/img/products/6413e375fa7e.jpg
https://mytapestore.com.au/wp-content/uploads/2025/05/Heavy-Duty-Gaffer-Tapes-Applications.png	/img/products/c91e5e70e893.png
https://mytapestore.com.au/wp-content/uploads/2023/08/Tape-products.jpg	/img/products/b98a03571a0f.jpg
https://mytapestore.com.au/wp-content/uploads/2023/08/630.jpg	/img/products/1117f4c8dbed.jpg
https://mytapestore.com.au/wp-content/uploads/2023/08/Dimension-3.jpg	/img/products/20b97fe6d849.jpg
https://mytapestore.com.au/wp-content/uploads/2023/08/634.jpg	/img/products/f86986af21cb.jpg
https://mytapestore.com.au/wp-content/uploads/2023/08/638.jpg	/img/products/fb141f8c6883.jpg
https://mytapestore.com.au/wp-content/uploads/2023/08/639.jpg	/img/products/378381d6409b.jpg
https://mytapestore.com.au/wp-content/uploads/2023/08/641.jpg	/img/products/e66058962df5.jpg
https://mytapestore.com.au/wp-content/uploads/2025/06/Felt-Tape-Applications.png	/img/products/68cbffd1e438.png
https://mytapestore.com.au/wp-content/uploads/2023/08/549.jpg	/img/products/cffcbc5b517d.jpg
https://mytapestore.com.au/wp-content/uploads/2025/06/Strapping-Tape-Applications.png	/img/products/15aec090ed2c.png
https://mytapestore.com.au/wp-content/uploads/2023/08/672.jpg	/img/products/72939a955a78.jpg
https://mytapestore.com.au/wp-content/uploads/2025/06/Filament-Tape-applications.png	/img/products/bfe3025331c1.png
https://mytapestore.com.au/wp-content/uploads/2025/08/Generated-image.jpg	/img/products/37af91b44db5.jpg
https://mytapestore.com.au/wp-content/uploads/2023/09/701.jpg	/img/products/9b968830b369.jpg
https://mytapestore.com.au/wp-content/uploads/2023/09/703.jpg	/img/products/e006207dc6d7.jpg
https://mytapestore.com.au/wp-content/uploads/2023/09/708-1.jpg	/img/products/17f88735deb8.jpg
https://mytapestore.com.au/wp-content/uploads/2023/08/598.jpg	/img/products/062199dc8cdc.jpg
https://mytapestore.com.au/wp-content/uploads/2023/09/710.jpg	/img/products/21cddb620a66.jpg
https://mytapestore.com.au/wp-content/uploads/2023/09/712.jpg	/img/products/87d5fd5c7468.jpg
https://mytapestore.com.au/wp-content/uploads/2023/09/714.jpg	/img/products/7a6d2a72bb7f.jpg
https://mytapestore.com.au/wp-content/uploads/2023/09/716-1.jpg	/img/products/aeb40eab4640.jpg
https://mytapestore.com.au/wp-content/uploads/2023/09/726.jpg	/img/products/1d693e3629c5.jpg
https://mytapestore.com.au/wp-content/uploads/2023/09/716.jpg	/img/products/5dabe2f48827.jpg
https://mytapestore.com.au/wp-content/uploads/2025/06/Frog-Tape-Applications.png	/img/products/b63f1ea96f54.png
https://mytapestore.com.au/wp-content/uploads/2023/09/865.jpg	/img/products/eb6469e18ced.jpg
https://mytapestore.com.au/wp-content/uploads/2025/06/Green-Frog-Tape-Applications.png	/img/products/5d46e825a5e4.png
https://mytapestore.com.au/wp-content/uploads/2023/10/722.jpg	/img/products/9ae3f39f82f9.jpg
https://mytapestore.com.au/wp-content/uploads/2023/10/Untitled-1.jpg	/img/products/9dadb6958aed.jpg
https://mytapestore.com.au/wp-content/uploads/2023/10/1.jpg	/img/products/eaeb706d3eba.jpg
https://mytapestore.com.au/wp-content/uploads/2023/09/733.jpg	/img/products/0870e808ea62.jpg
https://mytapestore.com.au/wp-content/uploads/2025/06/Hang-Tab-Applications.png	/img/products/991524c04c43.png
https://mytapestore.com.au/wp-content/uploads/2023/10/Untitled-2.jpg	/img/products/d4118c942f4c.jpg
https://mytapestore.com.au/wp-content/uploads/2023/10/2-1.jpg	/img/products/f77b5a3f455a.jpg
https://mytapestore.com.au/wp-content/uploads/2023/10/886.jpg	/img/products/61b91debe9c9.jpg
https://mytapestore.com.au/wp-content/uploads/2023/10/Untitled-3.jpg	/img/products/aa2bddb0a3d1.jpg
https://mytapestore.com.au/wp-content/uploads/2023/10/3-1.jpg	/img/products/870ee23cdc60.jpg
https://mytapestore.com.au/wp-content/uploads/2023/10/887.jpg	/img/products/3ba8e0823e47.jpg
https://mytapestore.com.au/wp-content/uploads/2023/10/Untitled-4.jpg	/img/products/e41085fd7abd.jpg
https://mytapestore.com.au/wp-content/uploads/2023/10/4-1.jpg	/img/products/14dff4d02fbe.jpg
https://mytapestore.com.au/wp-content/uploads/2023/10/888.jpg	/img/products/fa1ef71f16b2.jpg
https://mytapestore.com.au/wp-content/uploads/2025/06/Hang-Tab-Aplications.png	/img/products/2d0ab98a4362.png
https://mytapestore.com.au/wp-content/uploads/2023/10/Untitled-5.jpg	/img/products/94cffbc2d824.jpg
https://mytapestore.com.au/wp-content/uploads/2023/10/5.jpg	/img/products/4bf71da05fc6.jpg
https://mytapestore.com.au/wp-content/uploads/2023/10/889.jpg	/img/products/22802091caf5.jpg
https://mytapestore.com.au/wp-content/uploads/2023/10/Untitled-6.jpg	/img/products/6517821b8536.jpg
https://mytapestore.com.au/wp-content/uploads/2023/10/6.jpg	/img/products/29410211f387.jpg
https://mytapestore.com.au/wp-content/uploads/2023/10/890.jpg	/img/products/bce68d86768e.jpg
https://mytapestore.com.au/wp-content/uploads/2025/08/2.jpg	/img/products/5413bc605876.jpg
https://mytapestore.com.au/wp-content/uploads/2025/08/4.jpg	/img/products/4c8ddb116ef2.jpg
https://mytapestore.com.au/wp-content/uploads/2025/06/Self-Adhesive-Hook-n-Look-Tape-Applications.png	/img/products/37ad675168f5.png
https://mytapestore.com.au/wp-content/uploads/2023/10/Hook-Loop-Fastners.png	/img/products/8a0cd0d33044.png
https://mytapestore.com.au/wp-content/uploads/2023/10/914.jpg	/img/products/910d35c1a39e.jpg
https://mytapestore.com.au/wp-content/uploads/2023/10/898.jpg	/img/products/958f7c717742.jpg
https://mytapestore.com.au/wp-content/uploads/2023/10/901.jpg	/img/products/ebe3648b2d68.jpg
https://mytapestore.com.au/wp-content/uploads/2025/07/to-ch68-3.jpg	/img/products/fa6915f1b80b.jpg
https://mytapestore.com.au/wp-content/uploads/2025/06/Sew-On-Hook-Roll-Applications.png	/img/products/a3c2a4861edf.png
https://mytapestore.com.au/wp-content/uploads/2023/10/Sew-On-Loop-Roll-Non-Adhesive.png	/img/products/2e42148257bc.png
https://mytapestore.com.au/wp-content/uploads/2023/10/923.jpg	/img/products/c7147d3fcf77.jpg
https://mytapestore.com.au/wp-content/uploads/2025/06/Electronic-Tapes-Dispenser-applications.png	/img/products/b0361739ac04.png
https://mytapestore.com.au/wp-content/uploads/2023/10/783.jpg	/img/products/a2417c399cd3.jpg
https://mytapestore.com.au/wp-content/uploads/2025/06/Plumbers-Thread-Seal-Tape-Applications.png	/img/products/b487a838bcd3.png
https://mytapestore.com.au/wp-content/uploads/2023/08/770.jpg	/img/products/a2e45c9a31e8.jpg
https://mytapestore.com.au/wp-content/uploads/2025/06/Magnetic-Tape-Applications.png	/img/products/3f61a2925421.png
https://mytapestore.com.au/wp-content/uploads/2023/10/892.jpg	/img/products/7031d27e93ab.jpg
https://mytapestore.com.au/wp-content/uploads/2025/09/Untitled-.2.jpg	/img/products/35695fa86106.jpg
https://mytapestore.com.au/wp-content/uploads/2023/10/947.jpg	/img/products/a2bb15604717.jpg
https://mytapestore.com.au/wp-content/uploads/2025/06/Stretch-Film-Dispenser-Applications.png	/img/products/dc30d997699a.png
https://mytapestore.com.au/wp-content/uploads/2023/10/948.jpg	/img/products/bae33949e1d5.jpg
https://mytapestore.com.au/wp-content/uploads/2025/06/Stretch-Film-Applications.png	/img/products/13378bcb9bc5.png
https://mytapestore.com.au/wp-content/uploads/2025/11/33-1.jpg	/img/products/d47909d88520.jpg
https://mytapestore.com.au/wp-content/uploads/2025/11/22-3.jpg	/img/products/c5efda3556ed.jpg
https://mytapestore.com.au/wp-content/uploads/2023/08/790-1.jpg	/img/products/0d920f6683a4.jpg
https://mytapestore.com.au/wp-content/uploads/2025/06/Heat-Seal-Tape-Applications.png	/img/products/844c9627449f.png
https://mytapestore.com.au/wp-content/uploads/2023/10/964.jpg	/img/products/bf6683bfbc2a.jpg
https://mytapestore.com.au/wp-content/uploads/2025/06/Transfer-Tapes-Dispenser-Applications-1.png	/img/products/1002b456ba9a.png
https://mytapestore.com.au/wp-content/uploads/2023/08/637.jpg	/img/products/bc062ff4034f.jpg
https://mytapestore.com.au/wp-content/uploads/2025/06/Felt-Dots-uses.png	/img/products/bb6c2f276433.png
https://mytapestore.com.au/wp-content/uploads/2023/10/2-19.jpg	/img/products/a75fecfa559c.jpg
https://mytapestore.com.au/wp-content/uploads/2023/10/Untitled-3-7.jpg	/img/products/d0fad8164bed.jpg
https://mytapestore.com.au/wp-content/uploads/2023/10/Untitled-2-23.jpg	/img/products/2fef526507f0.jpg
https://mytapestore.com.au/wp-content/uploads/2023/10/Hook-and-Loop-dots-application-min.png	/img/products/63a39753987c.png
https://mytapestore.com.au/wp-content/uploads/2025/06/Non-Adhesive-Magnetic-Tape-Application.png	/img/products/1385b967ad40.png
https://mytapestore.com.au/wp-content/uploads/2023/11/Image-1.jpg	/img/products/82754cb85fb4.jpg
https://mytapestore.com.au/wp-content/uploads/2025/06/Danger-Printed-Barricade-Tape-Application.png	/img/products/0084509a0c26.png
https://mytapestore.com.au/wp-content/uploads/2023/08/578.jpg	/img/products/4f40eba3c8c4.jpg
https://mytapestore.com.au/wp-content/uploads/2025/06/Caution-tape-Applications.png	/img/products/e5b77ca3aaeb.png
https://mytapestore.com.au/wp-content/uploads/2024/02/01.png	/img/products/c3faef50c29d.png
https://mytapestore.com.au/wp-content/uploads/2025/06/H11CP-Pistol-Grip-Dispenser-Applications1.png	/img/products/c589ee86fa34.png
https://mytapestore.com.au/wp-content/uploads/2024/02/02.png	/img/products/6052c545a747.png
https://mytapestore.com.au/wp-content/uploads/2024/08/red-double-sided-polyester-tape.jpg	/img/products/ebe220049bb8.jpg
https://mytapestore.com.au/wp-content/uploads/2023/08/240.jpg	/img/products/8fd5c1fe95c9.jpg
https://mytapestore.com.au/wp-content/uploads/2023/08/242.jpg	/img/products/c2ca2a672511.jpg
https://mytapestore.com.au/wp-content/uploads/2023/08/243.jpg	/img/products/a8acb9849635.jpg
https://mytapestore.com.au/wp-content/uploads/2023/08/244-1.jpg	/img/products/d64d2eea0d68.jpg
https://mytapestore.com.au/wp-content/uploads/2023/08/245.jpg	/img/products/88468a483d76.jpg
https://mytapestore.com.au/wp-content/uploads/2023/08/246.jpg	/img/products/27d522cc58af.jpg
https://mytapestore.com.au/wp-content/uploads/2024/08/double-sided-exhibition-cloth-tape.webp	/img/products/d758af63487f.webp
https://mytapestore.com.au/wp-content/uploads/2025/06/Double-Sided-Exhibition-Cloth-Tape.png	/img/products/5cdcbadad38b.png
https://mytapestore.com.au/wp-content/uploads/2025/09/1-20.jpg	/img/products/0f5587556e0c.jpg
https://mytapestore.com.au/wp-content/uploads/2025/09/2-16.jpg	/img/products/ec3d8f17d1da.jpg
https://mytapestore.com.au/wp-content/uploads/2025/09/3-7.jpg	/img/products/b8e7f26fc64c.jpg
https://mytapestore.com.au/wp-content/uploads/2025/08/Image-13.jpg	/img/products/ae3a42fa3a24.jpg
https://mytapestore.com.au/wp-content/uploads/2025/08/Image-14.jpg	/img/products/77e8dc0ec2b8.jpg
https://mytapestore.com.au/wp-content/uploads/2025/03/joist-protection-tape-optiseal.jpg	/img/products/fc4d4054f582.jpg
https://mytapestore.com.au/wp-content/uploads/2025/03/joist-protection-tape-decking-tape.jpg	/img/products/b47883757787.jpg
https://mytapestore.com.au/wp-content/uploads/2025/06/Joist-Protection-Tape-–-Kikusui-Applciations.png	/img/products/876da4f11988.png
https://mytapestore.com.au/wp-content/uploads/2025/08/undefined-3.jpg	/img/products/7211baec19b2.jpg
https://mytapestore.com.au/wp-content/uploads/2025/03/2.jpg	/img/products/bace36d8b752.jpg
https://mytapestore.com.au/wp-content/uploads/2025/06/Blue-Electrical-Insulation-Tape-Applications.png	/img/products/1c7b2253a8cd.png
https://mytapestore.com.au/wp-content/uploads/2025/03/5.jpg	/img/products/5542102070cb.jpg
https://mytapestore.com.au/wp-content/uploads/2025/06/White-Electrical-Insulation-Tape-Applications.png	/img/products/c023b3289ae5.png
https://mytapestore.com.au/wp-content/uploads/2025/03/3.jpg	/img/products/9b44391d97a1.jpg
https://mytapestore.com.au/wp-content/uploads/2025/03/6.jpg	/img/products/da6bc38d9664.jpg
https://mytapestore.com.au/wp-content/uploads/2025/06/Red-Electrical-Insulation-Tape-Applications.png	/img/products/a118e4833af3.png
https://mytapestore.com.au/wp-content/uploads/2025/03/4.jpg	/img/products/eed6a67e832b.jpg
https://mytapestore.com.au/wp-content/uploads/2025/06/Yellow-Electrical-Insulation-Tape-Applications.png	/img/products/2e31a0c287f6.png
https://mytapestore.com.au/wp-content/uploads/2025/03/1.jpg	/img/products/70d63d335a74.jpg
https://mytapestore.com.au/wp-content/uploads/2025/06/Green-Electical-Insulation-Tapes-Applications.png	/img/products/6fd299086808.png
https://mytapestore.com.au/wp-content/uploads/2025/04/duct-tape-silver.png	/img/products/a6c9c3dc1c43.png
https://mytapestore.com.au/wp-content/uploads/2025/05/Duct-Tape-Applications.png	/img/products/2644193259ce.png
https://mytapestore.com.au/wp-content/uploads/2025/04/duct-tape-black.png	/img/products/db1eef033378.png
https://mytapestore.com.au/wp-content/uploads/2023/09/574.jpg	/img/products/6c173be268cb.jpg
https://mytapestore.com.au/wp-content/uploads/2025/06/Do-Not-Enter-Tape-Application.png	/img/products/2d43ee1838de.png
https://mytapestore.com.au/wp-content/uploads/2025/04/13150-600x600-1.png	/img/products/d17e56f28b0d.png
https://mytapestore.com.au/wp-content/uploads/2025/06/House-Wrap-Tape-Application.png	/img/products/cd01e074c585.png
https://mytapestore.com.au/wp-content/uploads/2025/06/UHMW24-600x600-1.png	/img/products/a17797dda455.png
https://mytapestore.com.au/wp-content/uploads/2025/06/ChatGPT-Image.png	/img/products/642712a5d689.png
https://mytapestore.com.au/wp-content/uploads/2025/07/3.jpg	/img/products/e376945ce3f7.jpg
https://mytapestore.com.au/wp-content/uploads/2025/07/5.jpg	/img/products/6d3d698e0093.jpg
https://mytapestore.com.au/wp-content/uploads/2025/07/4.jpg	/img/products/f796408acfd1.jpg
https://mytapestore.com.au/wp-content/uploads/2025/07/2.jpg	/img/products/60be8182cc8a.jpg
https://mytapestore.com.au/wp-content/uploads/2025/07/1.jpg	/img/products/edf2eca76966.jpg
https://mytapestore.com.au/wp-content/uploads/2022/01/Untitled-1-21.jpg	/img/products/5c2b512aea65.jpg
https://mytapestore.com.au/wp-content/uploads/2025/08/Untitled-1-12.jpg	/img/products/940d0a6c7167.jpg
https://mytapestore.com.au/wp-content/uploads/2025/10/undefined.png	/img/products/bf7ccc7751cf.png
https://mytapestore.com.au/wp-content/uploads/2025/11/11.jpg	/img/products/fd828c41d291.jpg
https://mytapestore.com.au/wp-content/uploads/2026/01/Kikusui-Joist-Protection-Tape.webp	/img/products/d7500e9a7474.webp
https://mytapestore.com.au/wp-content/uploads/2026/01/image-28.jpg	/img/products/1cf53492045d.jpg
https://mytapestore.com.au/wp-content/uploads/2025/06/Best-Tapes-For-Waterproofing.jpg	/img/categories/c4473a1869f9.jpg
https://mytapestore.com.au/wp-content/uploads/2023/08/354.jpg	/img/categories/7033baf28aa8.jpg
https://mytapestore.com.au/wp-content/uploads/2023/08/537-1-e1716145925531.jpg	/img/categories/da13418f16d8.jpg
https://mytapestore.com.au/wp-content/uploads/2023/08/2-1.jpg	/img/categories/2b7ba1fbeed6.jpg
https://mytapestore.com.au/wp-content/uploads/2023/08/Duct-Tape.jpg	/img/categories/ad4c9b93eac7.jpg
https://mytapestore.com.au/wp-content/uploads/2025/02/119_3_11zon-300.webp	/img/categories/12aed858f698.webp
https://mytapestore.com.au/wp-content/uploads/2025/06/33-300x300-1.png	/img/categories/dec3b3fd52bc.png
https://mytapestore.com.au/wp-content/uploads/2023/08/518.jpg	/img/categories/1ea260a4825e.jpg
https://mytapestore.com.au/wp-content/uploads/2025/06/211-min.png	/img/categories/d18c33c040a9.png
https://mytapestore.com.au/wp-content/uploads/2024/09/770.webp	/img/categories/20baabe754c7.webp
https://mytapestore.com.au/wp-content/uploads/2023/08/Masking-Tape.jpg	/img/categories/9ca6e0892e12.jpg
https://mytapestore.com.au/wp-content/uploads/2025/02/Packing-Tape_11zon.webp	/img/categories/2fecb728c7d8.webp
https://mytapestore.com.au/wp-content/uploads/2023/08/Washi-Tape.jpg	/img/categories/5146097b7f01.jpg
https://mytapestore.com.au/wp-content/uploads/2023/08/549-1.jpg	/img/categories/dc33902ecc6b.jpg
https://mytapestore.com.au/wp-content/uploads/2025/06/Untitled-1-11.jpg	/img/categories/757e6510c42f.jpg
https://mytapestore.com.au/wp-content/uploads/2023/09/801.jpg	/img/categories/3a56dfbc28db.jpg
https://mytapestore.com.au/wp-content/uploads/2025/06/Untitled-6.jpg	/img/categories/bc24959dd9ed.jpg
https://mytapestore.com.au/wp-content/uploads/2025/06/Airconditioning-Industry.jpg	/img/categories/a9c27e079a09.jpg
https://mytapestore.com.au/wp-content/uploads/2025/06/Building-and-construction.png	/img/categories/e5a25d61479c.png
https://mytapestore.com.au/wp-content/uploads/2025/06/Untitled-4.jpg	/img/categories/89fd7056eb8a.jpg
https://mytapestore.com.au/wp-content/uploads/2025/06/Electronics-Electrical-tape.jpg	/img/categories/4f3ae313373e.jpg
https://mytapestore.com.au/wp-content/uploads/2025/06/flooring-tapes.jpg	/img/categories/b1efaa530bd5.jpg
https://mytapestore.com.au/wp-content/uploads/2025/06/framing-industry.jpg	/img/categories/e923919e8bb1.jpg
https://mytapestore.com.au/wp-content/uploads/2025/06/Glass-Glazing-tape.jpg	/img/categories/031426c0d9fa.jpg
https://mytapestore.com.au/wp-content/uploads/2025/06/Untitled-5.jpg	/img/categories/ed2e75385bb5.jpg
https://mytapestore.com.au/wp-content/uploads/2025/06/Joinery-Kitchen-Furniture-tapes.jpg	/img/categories/9e7cd2588647.jpg
https://mytapestore.com.au/wp-content/uploads/2025/06/Untitled-8.jpg	/img/categories/40382950568c.jpg
https://mytapestore.com.au/wp-content/uploads/2025/06/marine-tapes.jpg	/img/categories/6242cb798f08.jpg
https://mytapestore.com.au/wp-content/uploads/2025/06/marking-safety-tapes.jpg	/img/categories/a83c8fa80180.jpg
https://mytapestore.com.au/wp-content/uploads/2025/06/name-plate-tapes.jpg	/img/categories/1ca963189b89.jpg
https://mytapestore.com.au/wp-content/uploads/2025/06/picture-framing-tape.jpg	/img/categories/d92049083694.jpg
https://mytapestore.com.au/wp-content/uploads/2025/06/Tapes-use-in-pool-and-spa.png	/img/categories/26d0a309d429.png
https://mytapestore.com.au/wp-content/uploads/2025/06/Untitled-11.jpg	/img/categories/a0dd369a08d8.jpg
https://mytapestore.com.au/wp-content/uploads/2025/06/Roofing-Gutters.png	/img/categories/bbb45c1be9b7.png
https://mytapestore.com.au/wp-content/uploads/2025/06/Sheathing-Moisture-Management.png	/img/categories/6df0fe12cc45.png
https://mytapestore.com.au/wp-content/uploads/2025/06/Untitled-10.jpg	/img/categories/e8d0ef9c42e9.jpg
https://mytapestore.com.au/wp-content/uploads/2025/06/School-Library-Supply.png	/img/categories/4601b59c0508.png
https://mytapestore.com.au/wp-content/uploads/2025/06/Entertainment-Photo-Events-Film-Music-Theater-Studio.png	/img/categories/e1bcb9a53307.png
https://mytapestore.com.au/wp-content/uploads/2025/06/telecommunication-tape.jpg	/img/categories/42015a6188c9.jpg
https://mytapestore.com.au/wp-content/uploads/2025/06/Tapes-for-Automobile-Industry.png	/img/categories/7092a7b8f3c7.png
https://mytapestore.com.au/wp-content/uploads/2025/06/Windows-Doors-Decking.png	/img/categories/4f3ac4c3221c.png
